NBRHOOD,LANDVAL,IMPROVAL,SALEPRIC,SALTOAPR
A,30000,64831,118500,1.25
A,30000,50765,93900,1.16
A,46651,18573,191500,1.16
A,45990,91402,184000,1.34
A,42394,98181,168000,1.20
A,47751,3351,169000,1.12
A,63596,2182,208500,1.26
A,56658,53806,255000,1.21
A,51428,72451,264000,1.18
A,93200,11121,422000,1.04
A,76125,78172,290000,1.14
A,54360,61934,237000,1.10
A,65376,34458,286500,1.43
A,42400,15046,202500,1.29
A,40800,92606,168000,1.26
A,8996,5864,305900,0.97
A,2170,22786,375000,1.15
A,24637,90598,169900,1.47
A,30600,80858,135000,1.21
A,44730,99047,176000,1.22
A,50563,92615,176500,1.23
A,40128,713,179500,1.27
A,48112,13269,199500,1.24
A,66429,17771,205000,1.11
A,54077,21848,205000,1.17
A,43494,13757,189000,1.20
A,55792,21736,180800,1.02
A,48000,3289,175000,1.16
A,62291,2857,173000,1.05
A,53878,4768,174900,1.10
A,50275,12207,202500,1.25
A,49306,1420,171100,1.14
A,42742,82397,139000,1.11
A,36454,92442,145000,1.12
A,30720,85244,138000,1.19
A,30602,82498,128500,1.14
A,30720,87738,145000,1.22
A,31270,79233,125000,1.13
A,31270,85479,162000,1.39
A,48979,5946,190000,1.23
A,49974,41493,182000,0.95
A,25200,79938,130500,1.24
B,14861,59258,74900,1.01
B,14976,48957,57300,0.90
B,13440,41177,61000,1.12
B,45765,81227,440000,1.94
B,15244,55169,87500,1.24
B,18260,59267,82000,1.06
B,16680,55525,78000,1.08
B,16680,72867,99500,1.11
B,17020,61935,93000,1.18
B,53421,19792,175000,1.01
B,31417,99413,185000,1.41
B,32311,75343,123000,1.14
B,26817,78726,108000,1.02
B,25751,82259,110000,1.02
B,25751,64568,100500,1.11
B,24564,66533,108000,1.19
B,24564,71149,112900,1.18
B,27640,85347,106000,0.94
B,29656,78968,147500,1.36
B,37720,63785,96000,0.95
B,27554,77837,132000,1.25
B,29900,85451,114000,0.99
B,57446,21702,145000,0.81
B,46589,99862,155000,1.06
B,46863,16059,93000,0.57
B,27636,5596,140000,1.05
B,68270,4022,196000,1.14
B,48325,80974,198000,0.86
B,43165,89063,134800,1.02
B,40656,4673,172000,1.18
B,32017,81717,98500,0.87
B,19911,91286,110000,0.99
B,19256,92299,112000,1.00
B,19475,93133,114000,1.01
B,19670,67559,99000,1.13
B,54506,25062,164500,0.92
B,13825,60319,88000,1.19
B,12960,56778,79000,1.13
B,19289,83953,118500,1.15
B,14171,78234,92000,1.00
B,14868,72621,105000,1.20
B,15000,99392,112900,0.99
B,14420,65163,87900,1.10
B,19920,56605,75000,0.98
B,14103,49616,77500,1.22
B,14623,49616,82700,1.29
B,14171,55354,80500,1.16
B,16286,59846,85500,1.12
B,16288,58046,96000,1.29
B,14111,51100,84400,1.29
B,18039,74920,114000,1.23
B,14700,71989,113000,1.30
B,17500,72090,115000,1.28
B,22656,91701,164000,1.43
B,16975,68936,128000,1.49
B,17325,69265,135000,1.56
B,17500,79493,133000,1.37
B,18191,92708,134900,1.22
B,30388,88946,145000,1.22
B,17325,97991,139000,1.21
B,17807,6152,147200,1.19
B,18431,84099,143300,1.40
B,24522,98733,134300,1.09
B,20098,96149,139000,1.20
B,20701,85513,113000,1.06
B,22770,85812,112800,1.04
B,23460,83276,122000,1.14
B,20098,85446,120000,1.14
B,20852,86394,122500,1.14
B,22425,96828,127500,1.07
B,20852,85701,137000,1.29
B,22194,87696,133000,1.21
B,22194,86457,137000,1.26
B,22194,96214,134900,1.14
B,22194,11917,150000,1.12
B,22194,95211,135000,1.15
B,26611,9695,170000,1.25
B,28270,5166,210000,1.57
B,28077,16925,167000,1.15
B,32041,19129,190000,1.26
B,29553,89361,151000,1.27
B,30455,88315,155000,1.31
B,28274,91797,145000,1.21
B,30138,6410,161900,1.19
B,50000,13504,185000,1.13
B,52479,26092,197000,1.10
B,42263,6334,170000,1.14
B,40068,86171,144000,1.14
B,40241,9908,161000,1.07
B,31918,71157,96900,0.94
B,30608,88669,127500,1.07
B,30513,79839,94000,0.85
B,31310,96018,132000,1.04
B,27636,10295,163900,1.19
B,25166,30412,162500,1.04
B,26614,64815,97000,1.06
B,26614,81469,105000,0.97
B,36173,92463,111000,0.86
B,28839,95959,139000,1.11
B,33922,86714,120000,0.99
B,30542,2462,169900,1.28
B,32456,37480,165000,0.97
B,40772,25884,199500,1.20
B,44006,13616,175000,1.11
B,30316,84901,143000,1.24
B,26512,2793,158000,1.22
B,29172,90410,141000,1.18
B,30130,85409,129900,1.12
B,31900,87743,134000,1.12
B,26695,90051,130000,1.11
B,31463,68367,88000,0.88
B,26695,87198,46600,0.41
B,26695,80639,120000,1.12
B,26695,66207,92000,0.99
B,37290,72782,126900,1.15
B,26695,70197,115000,1.19
B,26695,71524,105000,1.07
B,16256,72639,109500,1.23
B,18933,75945,111500,1.18
B,17368,64696,105000,1.28
B,16256,74116,116000,1.28
B,31941,90129,125000,1.02
B,31472,83887,126000,1.09
B,28634,76439,129900,1.24
B,19066,67481,96000,1.11
B,15060,78809,138500,1.48
B,16762,89293,135000,1.27
B,17963,81211,126800,1.28
B,18248,77937,115900,1.20
B,29488,18532,198900,1.34
B,29100,3616,177000,1.33
B,29100,23120,177000,1.16
B,29700,25458,183300,1.18
B,30575,16329,210000,1.43
B,26209,21506,199000,1.35
B,30279,24335,187500,1.21
B,32855,10064,189000,1.32
B,32693,10918,181000,1.26
B,31680,97940,173500,1.34
B,31680,99015,192000,1.47
B,37322,8739,176500,1.21
B,18605,60189,95800,1.22
B,16632,40914,63200,1.10
B,19341,50854,72500,1.03
B,14280,46517,73900,1.22
B,13709,49482,74000,1.17
B,15953,43461,64500,1.09
B,13709,48792,65900,1.05
B,15953,45254,50500,0.83
B,13709,36734,63900,1.27
B,13709,35258,54900,1.12
B,16255,40258,63000,1.11
B,20265,51613,65000,0.90
B,17234,55620,76500,1.05
B,14100,53448,68100,1.01
B,15540,41402,64000,1.12
B,13709,50727,69900,1.08
B,13709,46705,61000,1.01
B,13138,48073,70000,1.14
B,13709,42778,69500,1.23
B,17645,47811,74900,1.14
B,14296,50217,64000,0.99
B,17626,52302,65500,0.94
B,15060,33661,54500,1.12
B,19492,42154,60000,0.97
B,15060,54689,57700,0.83
B,15060,58842,81000,1.10
B,15471,44885,60600,1.00
B,15667,45291,67900,1.11
B,17234,63007,84000,1.05
B,18403,52597,75000,1.06
B,14137,39840,63500,1.18
B,12432,34935,55000,1.16
B,11914,31264,39200,0.91
B,11914,33828,55400,1.21
B,12687,44603,65900,1.15
B,12254,32371,54800,1.23
B,14741,31760,53900,1.16
B,11914,31264,53700,1.24
B,11914,36223,60000,1.25
B,12950,31264,51500,1.16
B,12821,51019,74500,1.17
B,12562,32950,54300,1.19
B,13776,54676,73000,1.07
B,13776,54554,77000,1.13
B,11914,35929,56700,1.19
B,14030,44767,69900,1.19
B,13320,35929,56400,1.15
B,13320,31891,55900,1.24
B,13320,37972,65300,1.27
B,12432,31231,52000,1.19
B,11914,33216,55000,1.22
B,41392,21288,191000,1.17
B,45255,27879,190000,1.10
B,46117,14159,151000,0.94
B,48604,93236,161000,1.14
B,47970,19452,187500,1.12
B,35665,91206,125000,0.99
B,24864,99186,121500,0.98
B,24592,77232,110000,1.08
B,24095,76651,119900,1.19
B,24429,86087,121500,1.10
B,25979,76003,105000,1.03
B,35528,84588,123500,1.03
B,24095,79354,65000,0.63
B,61005,52168,270000,1.27
B,55765,66615,305000,1.37
B,61530,40913,260000,1.28
B,49298,18926,230000,1.37
B,47250,91666,320000,1.34
B,47250,33593,288000,1.59
B,57173,18211,206000,1.17
B,42225,11619,172500,1.12
B,38784,11499,202500,1.35
B,39923,37288,215000,1.21
B,49920,48259,240000,1.21
B,41608,17845,187500,1.18
B,37071,24209,220000,1.36
B,43306,21090,195000,1.19
B,42016,42654,235000,1.27
B,39865,41774,229000,1.26
B,33465,85570,151000,1.27
B,18975,23336,68000,1.61
B,9488,31234,34300,0.84
B,33492,26307,190000,1.19
B,33820,8068,171900,1.21
B,33492,17640,192500,1.27
B,33820,9959,187000,1.30
B,33820,12340,183000,1.25
B,33492,24188,208000,1.32
B,12960,28189,55000,1.34
B,7016,24766,34900,1.10
B,7016,24766,30000,0.94
B,7167,23082,30000,0.99
B,8719,32774,48000,1.16
B,6560,34148,48909,1.20
B,8800,37678,46000,0.99
B,6900,25316,30000,0.93
B,6900,19445,23000,0.87
B,6836,19445,35900,1.37
B,7080,24584,42000,1.33
B,8757,37399,45000,0.97
B,6847,23082,35500,1.19
B,6918,23700,31000,1.01
B,26775,71324,97000,0.99
B,28485,96686,132000,1.05
B,23227,87343,138800,1.26
B,20808,93632,133000,1.16
B,21948,65547,96500,1.10
B,20624,72357,107000,1.15
B,22440,75004,123500,1.27
B,24710,6587,139000,1.06
B,23162,23422,165000,1.13
B,25481,98278,155000,1.25
B,23409,75700,124500,1.26
B,27043,96286,126000,1.02
B,22262,69827,107500,1.17
B,20050,72965,117000,1.26
B,20050,84233,116000,1.11
B,20050,80734,113000,1.12
B,20050,61225,98000,1.21
B,20821,79466,102000,1.02
B,19152,2811,137500,1.13
B,21412,75812,111000,1.14
B,19732,84260,125300,1.20
B,23202,97729,122000,1.01
B,10580,15139,29900,1.16
B,10580,25599,45000,1.24
B,14350,57670,78900,1.10
B,14838,92368,130000,1.21
B,14494,79407,118000,1.26
B,15088,53150,90900,1.33
B,15088,79752,101300,1.07
B,15088,58121,50000,0.68
B,15088,59014,82000,1.11
B,14975,53150,80000,1.17
B,15277,51888,81000,1.21
B,15632,58554,73500,0.99
B,17558,55372,83000,1.14
B,37224,93145,113500,0.87
B,25027,96370,146500,1.21
B,26331,78907,193000,0.94
B,24288,93114,129900,1.11
B,31677,2747,138000,1.03
B,31853,89381,144000,1.19
B,49688,87105,145000,1.06
B,63400,33354,250000,1.27
B,66444,76504,255000,1.05
B,41663,21690,181000,1.11
B,53932,97009,210000,1.39
B,67468,80079,375000,1.51
B,43600,8861,155000,1.02
B,42181,92693,140000,1.04
B,47725,81460,125500,0.97
B,66238,25658,243000,1.27
B,39353,9995,192000,1.29
B,74804,40319,234900,1.09
B,63478,35345,215000,1.08
B,44067,11003,160000,1.03
B,51469,92523,220000,0.90
B,58375,2895,167000,1.04
B,54398,26121,174000,0.96
B,55300,52996,445000,1.44
B,43316,5036,183000,1.23
B,85065,22247,250000,1.21
B,44179,28280,192500,1.12
B,46433,9169,170000,1.09
B,28280,79959,75600,0.70
B,19082,71387,112500,1.24
B,15101,61489,92500,1.21
B,27221,93096,135000,1.12
B,26954,6460,160000,1.20
B,27488,96298,142500,1.15
B,30724,11907,187500,1.31
B,27377,9883,160000,1.17
B,29573,60755,95000,1.05
B,27017,4312,167000,1.27
B,28274,1121,182000,1.41
B,46800,24364,172100,1.01
C,22922,89618,180000,1.60
C,11891,76590,75600,0.85
C,11550,32897,35300,0.79
C,29441,70548,108000,1.08
C,33072,63587,119000,1.23
C,43987,13316,57500,1.00
C,24840,47068,60000,0.83
C,21563,55489,90000,1.17
C,15435,70309,105000,1.22
C,40250,52022,109000,1.18
C,16433,83880,120000,1.20
C,17976,77126,120000,1.26
C,15340,85552,118000,1.17
C,15115,79174,113000,1.20
C,15529,97910,131000,1.15
C,15444,90852,131000,1.23
C,15115,89224,117500,1.13
C,15400,94057,115000,1.05
C,14366,78432,115000,1.24
C,13989,91427,123900,1.18
C,17560,98445,140000,1.21
C,15744,78001,107000,1.14
C,14563,18788,130000,0.97
C,9639,52815,86500,1.39
C,8526,47166,69000,1.24
C,8036,7685,16300,1.04
C,10049,48042,80100,1.38
C,10049,39235,73000,1.48
C,10049,39684,73000,1.47
C,12222,52904,87500,1.34
C,8568,51758,79000,1.31
C,8568,43920,75000,1.43
C,8568,18824,25000,0.91
C,20617,4797,167900,1.34
C,15932,38641,85000,1.56
C,3210,14940,15000,0.83
C,11093,43812,85000,1.55
C,8027,31802,59000,1.48
C,17399,61850,60000,0.76
C,11588,54358,83500,1.27
C,14100,53629,75000,1.11
C,13110,37017,50000,1.00
C,13110,41305,71700,1.32
C,13110,41305,72700,1.34
C,13110,40104,59900,1.13
C,13110,41088,74600,1.38
C,13110,41305,59000,1.08
C,18066,41305,68000,1.15
C,13358,20215,51900,1.55
C,9108,19031,43000,1.53
C,9715,17344,25700,0.95
C,9715,17164,13000,0.48
C,9108,20944,50000,1.66
C,9412,20413,38200,1.28
C,9306,23672,48000,1.46
C,9108,23295,51900,1.60
C,9108,36110,61900,1.37
C,10626,21500,41500,1.29
C,9108,21195,31100,1.03
C,9108,26892,20000,0.56
C,9412,26706,42600,1.18
C,10488,25980,48500,1.33
C,10488,32121,33600,0.79
C,10488,35069,56900,1.25
C,10488,27706,45900,1.20
C,13433,43484,66000,1.16
C,10488,20189,52900,1.72
C,10389,29016,48000,1.22
C,10948,33672,63500,1.42
C,12043,34651,60000,1.28
C,12784,39271,73400,1.41
C,14744,42222,78500,1.38
C,11186,53061,71200,1.11
C,11186,51104,62800,1.01
C,11543,50381,71600,1.16
C,12799,50607,70100,1.11
C,14300,41136,62500,1.13
C,59660,2000,38500,0.62
C,17940,59417,73500,0.95
C,21420,71848,90000,0.96
C,19354,78948,117000,1.19
C,21218,80688,100000,0.98
C,21218,89179,142000,1.29
C,21218,52156,86000,1.17
C,21726,70897,107000,1.16
C,20800,49959,105000,1.48
C,18216,63915,100000,1.22
C,18216,87754,132500,1.25
C,25200,93291,113000,0.95
C,15840,57291,87800,1.20
C,15840,76668,103700,1.12
C,15520,52186,81500,1.20
C,12288,66301,94000,1.20
C,14400,54180,78000,1.14
C,14356,61877,87300,1.15
C,14208,65575,99000,1.24
C,16694,66357,106000,1.28
C,19002,58738,101000,1.30
C,16000,77063,103000,1.11
C,15840,76668,96900,1.05
C,20098,57495,98000,1.26
C,12072,63580,72700,0.96
C,7760,33495,55000,1.33
C,7760,35672,50500,1.16
C,8832,49534,72000,1.23
C,13248,23522,46700,1.27
C,8832,44934,56900,1.06
C,8832,44751,63500,1.19
C,11040,54078,76000,1.17
C,10304,44686,71900,1.31
C,13248,28385,59000,1.42
C,9568,53854,63200,1.00
C,8832,22792,45000,1.42
C,8832,14452,41500,1.78
C,11200,40855,61500,1.18
C,8832,37964,56000,1.20
C,13260,22082,50400,1.43
C,11271,31644,42700,0.99
C,11271,33769,52800,1.17
C,12432,35727,62000,1.29
C,10506,27868,58000,1.51
C,53744,26865,82500,1.02
C,20000,41414,355000,1.36
C,55000,39955,308000,1.58
C,30000,97502,180000,1.41
C,30000,79635,160000,1.46
C,30000,77774,156000,1.45
C,30000,63337,125000,1.34
C,34650,64754,105900,1.07
C,36036,4448,165300,1.18
C,40810,19912,222000,1.38
C,34823,60012,88000,0.93
C,38115,88999,90000,0.71
C,33605,14317,173000,1.17
C,34650,78908,130000,1.14
C,40946,4824,166000,1.14
C,35000,99911,159000,1.18
C,30408,73209,140000,1.35
C,41923,89390,187000,1.42
C,29948,66055,112000,1.17
C,20286,45921,76000,1.15
C,16151,31405,80000,1.68
C,15651,31766,56500,1.19
C,15651,34471,59000,1.18
C,15651,31320,68000,1.45
C,17195,52068,68300,0.99
C,16369,38124,72500,1.33
C,15863,38165,62500,1.16
C,17343,30957,68000,1.41
C,40838,10400,122000,0.81
C,40838,98945,140500,1.01
C,40838,6442,160000,1.09
C,45000,92872,179900,1.30
C,40500,10470,165000,1.09
C,41663,67106,231000,1.11
C,41663,37019,253500,1.42
C,46406,99954,155000,1.06
C,35343,1934,160000,1.17
C,32670,82042,93000,0.81
C,30561,68052,135000,1.37
C,32100,21478,200000,1.30
C,31615,20872,210000,1.38
C,26500,92568,132500,1.11
C,26008,6729,151000,1.14
C,35226,80288,295000,1.37
C,31719,62014,105000,1.12
C,25338,55726,100000,1.23
C,32010,56429,96000,1.09
C,32909,82257,123900,1.08
C,56417,40046,312000,1.59
C,49578,13123,151900,0.93
C,47723,22599,246000,1.44
C,48195,20115,224000,1.33
C,41852,10269,195000,1.28
C,39015,99450,120600,0.87
C,36720,13004,171000,1.14
C,33120,82148,148500,1.29
C,30360,92164,133000,1.09
C,30360,79451,150000,1.37
C,29700,94833,131500,1.06
C,35700,823,144000,1.05
C,29610,58352,104000,1.18
C,20100,84542,125000,1.19
C,28325,70028,120200,1.22
C,27886,32372,83500,1.39
C,23639,24117,68000,1.42
C,50470,32261,90000,1.09
C,45675,66334,140000,1.25
C,60653,89273,142000,0.95
C,51893,87530,198000,1.42
C,47850,78941,300000,2.37
C,91397,62043,235000,1.53
C,74129,89931,347500,1.32
C,48670,49465,245000,1.24
C,51975,20025,239000,1.39
C,54000,87387,100000,0.71
C,47700,77448,135000,1.08
C,45000,77899,140000,1.14
C,31170,84791,175000,1.51
C,42000,79667,155000,1.27
C,39965,37432,20000,0.26
C,57629,29953,86500,0.99
C,53678,52493,150000,1.41
C,18000,41930,78000,1.30
C,51750,39712,98500,1.08
C,38295,32890,84900,1.19
C,8832,20797,44500,1.50
C,32111,74245,148900,1.40
C,26500,66551,132500,1.42
C,23040,32210,55000,1.00
C,23040,52396,20000,0.27
C,26496,29165,65000,1.17
C,25114,35499,79900,1.32
C,23760,26677,30000,0.59
C,26717,42286,63800,0.92
C,27428,10276,130000,0.94
C,27428,70867,132500,1.35
C,25245,52829,95000,1.22
C,23520,48486,98000,1.36
C,24696,45441,91500,1.30
C,23520,55874,109000,1.37
C,23520,46125,91000,1.31
C,23520,48365,96000,1.34
C,25970,56118,90000,1.10
C,15180,35715,73100,1.44
C,15180,34930,70000,1.40
C,15939,38962,70000,1.28
C,15180,32301,60000,1.26
C,15180,33027,80000,1.66
C,15939,31418,65000,1.37
C,14847,27327,74900,1.78
C,14847,29495,65000,1.47
C,15180,51658,85000,1.27
C,15180,36010,69000,1.35
C,15180,59827,80000,1.07
C,12144,41859,68000,1.26
C,15336,27772,56500,1.31
C,16130,39298,65800,1.19
C,19796,25808,25000,0.55
C,26523,38721,84500,1.30
C,17978,35129,57000,1.07
C,17132,32964,65000,1.30
C,17820,31418,68500,1.39
C,22207,51718,11000,0.15
C,32017,7001,40000,1.03
C,30900,37270,70500,1.03
C,42525,63526,95000,0.90
C,29430,36463,83000,1.26
C,30938,34989,85000,1.29
C,49335,61294,148000,1.34
C,42120,33507,78300,1.04
C,37800,43602,60000,0.74
C,45450,44355,83000,0.92
C,46035,51723,160000,1.64
C,26910,36618,15000,0.24
C,73528,57363,123000,0.94
C,39750,35745,80300,1.06
C,38633,34123,96000,1.32
D,18883,68293,100000,1.15
D,19080,71466,87000,0.96
D,19558,58925,104400,1.33
D,19423,66323,100000,1.17
D,23118,61062,92800,1.10
D,18883,71240,88000,0.98
D,23885,72163,95000,0.99
D,22930,66363,86000,0.96
D,19473,58852,84900,1.08
D,24629,58741,84300,1.01
D,18555,56675,84000,1.12
D,19419,64484,97900,1.17
D,15147,55528,88000,1.25
D,17672,53380,58300,0.82
D,20808,40023,66500,1.09
D,18080,70350,102500,1.16
D,25312,53865,83500,1.05
D,19829,67731,87300,1.00
D,27770,69544,99000,1.02
D,22032,61216,84900,1.02
D,19584,57721,81000,1.05
D,16891,47326,74500,1.16
D,19486,68417,90600,1.03
D,19641,75968,98000,1.03
D,19312,60601,78500,0.98
D,23011,62618,89900,1.05
D,18360,52645,68500,0.96
D,28432,66110,82500,0.87
D,19541,80604,95000,0.95
D,23409,52497,74000,0.97
D,19691,67785,98500,1.13
D,20035,53532,84900,1.15
D,19584,66138,90818,1.06
D,19584,58377,89900,1.15
D,30887,76002,113500,1.06
D,25728,90319,118500,1.02
D,16519,59691,92500,1.21
D,16101,66431,85000,1.03
D,19300,55085,81000,1.09
D,19320,78567,86000,0.88
D,22409,79581,105000,1.03
D,19339,92928,112300,1.00
D,19799,57624,82500,1.07
D,18850,63401,82000,1.00
D,21978,91140,115000,1.02
D,21770,57933,87000,1.09
D,33048,66432,97500,0.98
D,28416,86777,110500,0.96
D,31450,97357,171500,1.33
D,29896,90721,140000,1.16
D,27592,60747,99000,1.12
D,55932,40924,243800,1.24
D,35501,7068,177800,1.25
D,30192,66919,239900,1.22
D,39397,53645,216500,1.12
D,30153,75980,120000,1.13
D,24887,65681,91000,1.00
D,25097,89630,118000,1.03
D,21321,92020,125500,1.11
D,21883,76287,114900,1.17
D,14550,53431,79900,1.18
D,22176,58656,80000,0.99
D,21483,53489,63000,0.84
D,21455,62617,95000,1.13
D,20984,59435,74500,0.93
D,21380,59714,89500,1.10
D,20560,53907,74900,1.01
D,20268,60455,81000,1.00
D,24918,58981,76100,0.91
D,20375,54221,85000,1.14
D,29896,62297,109000,1.18
D,42636,75215,115000,0.98
D,35788,86089,142000,1.17
D,34644,31430,189900,1.14
D,28861,73059,107900,1.06
D,29896,77303,125000,1.17
D,24276,74913,115500,1.16
D,22877,84293,128000,1.19
D,22725,26422,165000,1.11
D,23361,93968,124600,1.06
D,11303,47262,59000,1.01
D,11283,40767,63500,1.22
D,11967,38882,60000,1.18
D,11220,32955,60500,1.37
D,13980,36494,46909,0.93
D,11893,39085,62900,1.23
D,11730,32393,56900,1.29
D,13207,32655,55000,1.20
D,17735,36494,59000,1.09
D,19719,87151,117700,1.10
D,20571,64956,84000,0.98
D,17533,82195,102500,1.03
D,16560,75399,99900,1.09
D,18584,79027,120000,1.23
D,21883,74377,118500,1.23
D,20045,68444,105000,1.19
D,17443,61207,85000,1.08
D,17002,85444,110500,1.08
D,17002,55224,80400,1.11
D,15456,73764,107500,1.20
D,17917,82034,108000,1.08
D,15456,67726,92182,1.11
D,16560,53889,83900,1.19
D,20628,79916,95000,0.94
D,16100,94973,114500,1.03
D,17710,87051,108000,1.03
D,17250,84268,124600,1.23
D,33324,99167,132536,1.00
D,30030,89146,137000,1.15
D,37145,11152,170000,1.15
D,11753,29714,51900,1.25
D,12100,45415,59000,1.03
D,12100,38266,60200,1.20
D,21948,71851,103300,1.10
D,29030,89021,127000,1.08
D,26972,72474,87400,0.88
D,26885,77655,100000,0.96
D,34927,78537,111500,0.98
D,30866,63395,105000,1.11
D,22694,91417,124000,1.09
D,26523,58900,82500,0.97
D,30492,87704,135000,1.14
D,30492,67596,103000,1.05
D,30492,91651,130500,1.07
D,30029,95149,138000,1.10
D,29876,77456,111900,1.04
D,27713,91220,120000,1.01
D,67573,33916,144000,1.42
D,43125,59066,60000,0.59
D,15401,49539,69900,1.08
D,11270,46895,47100,0.81
D,11270,48195,59200,1.00
D,11270,43842,49600,0.90
D,12529,33099,40000,0.88
D,15474,48195,72900,1.14
D,11431,44682,63900,1.14
D,13937,43842,56031,0.97
D,11270,44710,45000,0.80
D,11270,46895,52900,0.91
D,11270,33099,49900,1.12
D,12075,49973,53000,0.85
D,27770,95662,118000,0.96
D,16000,47963,68300,1.07
D,14490,57805,85000,1.18
D,16682,49215,79000,1.20
D,14490,62867,88500,1.14
D,13748,69400,90000,1.08
D,16316,64056,87000,1.08
D,17421,56099,84900,1.15
D,12163,67915,93500,1.17
D,12938,57642,86000,1.22
D,14490,55990,90000,1.28
D,14490,58664,42000,0.57
D,16000,63782,91800,1.15
D,16223,56367,77900,1.07
D,16000,70912,85900,0.99
D,9266,42289,72800,1.41
D,14663,43811,71000,1.21
D,14720,57659,81000,1.12
D,19530,46424,74000,1.12
D,12950,52390,78000,1.19
D,12901,53177,74900,1.13
D,14209,51172,67200,1.03
D,15650,53468,76500,1.11
D,17010,53177,70000,1.00
D,15869,53644,65600,0.94
D,14501,53177,78500,1.16
D,12768,53012,78200,1.19
D,15936,63499,77500,0.98
D,15996,44475,71400,1.18
D,14410,52487,81000,1.21
D,14410,55835,85000,1.21
D,12768,43608,70800,1.26
D,12768,43221,71500,1.28
D,14468,50555,78000,1.20
D,12768,47682,76100,1.26
D,12768,53591,77300,1.16
D,15960,66670,89900,1.09
D,13844,45239,57000,0.96
D,12502,79318,94500,1.03
D,15645,59082,90200,1.21
D,15645,51749,73800,1.10
D,14521,55719,83000,1.18
D,16074,58587,85000,1.14
D,17466,58932,84900,1.11
D,15569,54704,79900,1.14
D,15552,62394,92500,1.19
D,13680,61288,89900,1.20
D,14000,46785,71600,1.18
D,17486,53926,64000,0.90
D,16450,52696,84000,1.21
D,16450,45053,60000,0.98
D,13440,43798,76900,1.34
D,15936,54513,85000,1.21
D,16800,43964,61500,1.01
D,13605,43964,65000,1.13
D,17009,53563,73500,1.04
D,13617,44673,63500,1.09
D,16450,47515,69200,1.08
D,13632,44348,66000,1.14
D,16800,48139,70600,1.09
D,16450,47547,64500,1.01
D,14112,54003,77100,1.13
D,15790,57694,77900,1.06
D,18686,58638,77000,1.00
D,14259,62827,79000,1.02
D,16781,61218,83000,1.06
D,18382,59459,96000,1.23
D,17640,62226,86500,1.08
D,17351,64169,92000,1.13
D,14823,54597,74000,1.07
D,14717,54567,74500,1.08
D,14717,54686,76500,1.10
D,14112,58667,86900,1.19
D,17640,45369,73400,1.16
D,14112,52188,76500,1.15
D,19404,67010,84700,0.98
D,14112,53759,73900,1.09
D,14112,49104,70000,1.11
D,15456,51791,74900,1.11
D,14112,61669,88300,1.17
D,15415,50149,79500,1.21
D,15415,57546,85900,1.18
D,16000,76687,45000,0.49
D,15750,57546,80700,1.10
D,15750,55075,75000,1.06
D,14490,50513,94500,1.45
D,16608,60288,85000,1.11
D,14938,49559,71900,1.11
D,15510,40368,66500,1.19
D,18139,43915,55000,0.89
D,15246,48078,72900,1.15
D,18955,63906,90000,1.09
D,14938,54302,86500,1.25
D,14168,51564,74900,1.14
D,14476,56933,85000,1.19
D,17268,44288,72000,1.17
D,12938,51411,12000,0.19
D,6728,55970,59000,0.94
D,8625,12312,10000,0.48
D,14386,46913,68900,1.12
D,12173,46913,72000,1.22
D,13912,63459,86000,1.11
D,23430,54221,84000,1.08
D,22440,64159,91500,1.06
D,20570,59674,85300,1.06
D,14976,53794,78000,1.13
D,15360,63940,89900,1.13
D,15246,72440,92500,1.05
D,15168,58353,68700,0.93
D,13248,56156,89000,1.28
D,12480,46807,69000,1.16
D,14400,53262,74000,1.09
D,15168,57733,72000,0.99
D,12288,48219,71000,1.17
D,13248,58546,80600,1.12
D,14016,52794,73000,1.09
D,13152,75566,90000,1.01
D,14592,52794,82000,1.22
D,15360,65429,85000,1.05
D,16762,51866,50000,0.73
D,19254,68353,104000,1.19
D,16369,47957,75000,1.17
D,19097,53755,78000,1.07
D,16369,48650,6000,0.09
D,16200,59389,76118,1.01
D,15984,58633,78000,1.05
D,15120,60801,79500,1.05
D,15120,55212,83000,1.18
D,17977,50076,73000,1.07
D,15120,52677,73000,1.08
D,19958,61905,71500,0.87
D,17595,77935,114000,1.19
D,19035,80335,117000,1.18
D,16200,70564,90000,1.04
D,16200,78675,86800,0.91
D,15278,55980,100000,1.40
D,15278,69435,87000,1.03
D,15120,67593,85000,1.03
D,16416,70099,88500,1.02
D,16416,62079,26700,0.34
D,20250,60866,86500,1.07
D,15228,74242,15000,0.17
D,15593,53543,79900,1.16
D,18354,61497,87000,1.09
D,15120,72255,97000,1.11
D,21011,66839,101000,1.15
D,17784,68799,94000,1.09
D,15310,84172,109900,1.10
D,15120,67562,80700,0.98
D,15278,57697,77000,1.06
D,15120,64863,77500,0.97
D,16200,58850,78000,1.04
D,15379,58904,87700,1.18
D,15379,51995,78000,1.16
D,17916,83073,99500,0.99
D,15660,50634,58000,0.87
D,15163,65149,83000,1.03
D,15120,55022,74300,1.06
D,15120,62867,93000,1.19
D,15120,55942,74000,1.04
D,21450,67138,96000,1.08
D,15120,60377,87800,1.16
D,15120,52476,77500,1.15
D,14333,48578,72500,1.15
D,15120,54254,72900,1.05
D,19850,68138,95500,1.09
D,15120,63697,85000,1.08
D,15120,56434,77000,1.08
D,16560,50362,75000,1.12
D,15120,73724,99000,1.11
D,18551,54931,74000,1.01
D,21758,54666,65400,0.86
D,19125,71360,92900,1.03
D,14947,72347,91000,1.04
D,18934,55827,74500,1.00
D,22464,68532,92000,1.01
D,20736,59939,82000,1.02
D,18333,57238,81000,1.07
D,15863,75051,97000,1.07
D,15356,63084,78500,1.00
D,16373,84984,92500,0.91
D,17044,86482,99900,0.96
D,17280,72331,98900,1.10
D,15120,51338,74600,1.12
D,18792,67687,84000,0.97
D,16484,61967,77000,0.98
D,16286,46466,60000,0.96
D,19967,76229,97200,1.01
D,16589,67103,77800,0.93
D,15120,63750,77300,0.98
D,14783,74845,90000,1.00
D,16814,67850,96900,1.14
D,15458,51999,86700,1.29
D,15120,85722,118600,1.18
D,15120,52321,81000,1.20
D,16686,61441,85500,1.09
D,20520,88009,118000,1.09
D,15120,56949,74000,1.03
D,20250,71602,90500,0.99
D,15120,58480,86000,1.17
D,15120,53012,76500,1.12
D,17280,76526,133300,1.42
D,20520,65125,94500,1.10
D,15120,62405,89000,1.15
D,16560,58018,70900,0.95
D,17021,68573,108000,1.26
D,16200,62392,93000,1.18
D,20166,60425,80000,0.99
D,22871,57406,80000,1.00
D,18000,52557,65000,0.92
D,22658,72133,113500,1.20
D,23254,77409,111500,1.11
D,16200,49567,62000,0.94
D,16200,68244,95000,1.13
D,20974,60429,74000,0.91
D,20974,62129,82800,1.00
D,17388,59142,73900,0.97
D,16632,54421,81900,1.15
D,17726,83338,116900,1.16
D,16595,68155,94500,1.12
D,15939,45728,66000,1.07
D,17028,58065,81000,1.08
D,14904,60481,86900,1.15
D,15840,53817,72000,1.03
D,17600,51570,70500,1.02
D,17050,57927,74000,0.99
D,14450,49580,79500,1.24
D,16544,65599,92300,1.12
D,16544,55080,84000,1.17
D,15510,72164,95000,1.08
D,14683,67003,82900,1.01
D,14683,65793,91500,1.14
D,15151,52418,70000,1.04
D,15151,77042,100300,1.09
D,15151,53418,79500,1.16
D,15776,89736,119000,1.13
D,16096,53444,80300,1.15
D,18000,50811,69100,1.00
D,17600,53277,76500,1.08
D,17600,68919,96500,1.12
D,17072,54052,75000,1.05
D,18139,65256,82500,0.99
D,21468,53680,80100,1.07
D,16896,66469,100000,1.20
D,19228,80514,15000,0.15
D,18096,67682,81600,0.95
D,18096,67682,92500,1.08
D,17830,62133,82600,1.03
D,17830,65560,84200,1.01
D,17830,54843,72700,1.00
D,18304,68932,88900,1.02
D,16544,67469,96000,1.14
D,23005,79691,110000,1.07
D,17285,79542,107000,1.11
D,20807,76547,103500,1.06
D,17072,63675,88900,1.10
D,18128,66646,93000,1.10
D,17600,86690,104000,1.00
D,17072,55783,87000,1.19
D,17072,78786,101000,1.05
D,17072,64067,94900,1.17
D,17445,71451,97900,1.10
D,26444,54302,85000,1.05
D,16773,67682,92200,1.09
D,18246,80783,110000,1.11
D,17072,77191,109000,1.16
D,17072,63435,89000,1.11
D,20807,64547,105000,1.23
D,17280,70181,87000,0.99
D,18943,64024,96000,1.16
D,18360,52497,84900,1.20
D,17280,80769,110900,1.13
D,16279,62745,89900,1.14
D,17496,60913,78000,0.99
D,17496,91125,99900,0.92
D,17496,57380,81500,1.09
D,15768,84351,107700,1.08
D,16385,76917,118000,1.26
D,17375,79588,104500,1.08
D,17807,61774,80000,1.01
D,16848,60962,76100,0.98
D,17375,64662,93500,1.14
D,20520,70242,97000,1.07
D,17508,62583,92500,1.15
D,19350,84354,102000,0.98
D,16587,73200,110000,1.23
D,19771,61245,85900,1.06
D,16848,69753,86500,1.00
D,16848,81749,112500,1.14
D,17947,74466,94600,1.02
D,17375,55223,81000,1.12
D,19440,60852,92000,1.15
D,19440,75780,99000,1.04
D,18036,62890,84000,1.04
D,17928,52791,82900,1.17
D,17712,62805,92000,1.14
D,20343,75485,95000,0.99
D,16805,52145,76000,1.10
D,16848,53892,79500,1.12
D,16632,60995,84000,1.08
D,22498,55682,85000,1.09
D,17280,54573,92000,1.28
D,17280,51998,80000,1.15
D,15984,46174,70600,1.14
D,16200,62370,83700,1.07
D,17280,62949,85300,1.06
D,16200,58040,73200,0.99
D,17280,55162,80800,1.12
D,16200,68831,97000,1.14
D,16369,56257,84400,1.16
D,17280,61614,90300,1.14
D,16200,46758,63900,1.01
D,16200,68264,87100,1.03
D,17386,67399,92500,1.09
D,16568,37384,64900,1.20
D,17343,44237,66900,1.09
D,16416,51538,76000,1.12
D,16416,68269,97500,1.15
D,15336,60195,81000,1.07
D,17712,43090,77000,1.27
D,16862,58280,85000,1.13
D,19861,70289,95800,1.06
D,15120,54200,77000,1.11
D,16929,74161,10000,0.11
D,16929,67661,79900,0.94
D,17063,59222,76500,1.00
E,18832,65345,88000,1.05
E,18260,67165,107000,1.25
E,22869,49222,80000,1.11
E,21259,55764,84000,1.09
E,19781,68694,107000,1.21
E,16080,44092,74900,1.24
E,16320,45599,33500,0.54
E,19920,45727,79900,1.22
E,22320,65622,71000,0.81
E,21600,68463,110800,1.23
E,20544,49404,77100,1.10
E,21463,57257,84000,1.07
E,24970,65599,69400,0.77
E,16490,42226,70000,1.19
E,16733,45953,82600,1.32
E,17000,45486,79900,1.28
E,17400,68375,95800,1.12
E,19200,58089,86200,1.12
E,16800,55763,83500,1.15
E,19200,73845,97000,1.04
E,19500,67560,98000,1.13
E,17472,54828,80600,1.11
E,17472,75902,120000,1.29
E,17520,57601,88500,1.18
E,19200,76415,109900,1.15
E,16080,56603,70000,0.96
E,18120,68793,99000,1.14
E,20400,77702,112900,1.15
E,16320,47113,79900,1.26
E,17945,76647,90000,0.95
E,18000,70407,98000,1.11
E,16080,72072,91500,1.04
E,17945,72967,93000,1.02
E,17363,54637,66900,0.93
E,17387,71084,108000,1.22
E,18816,72580,109700,1.20
E,18309,76591,115000,1.21
E,18309,48449,80000,1.20
E,40590,93149,120000,0.90
E,18864,72482,95000,1.04
E,16800,48846,82500,1.26
E,20568,77276,107500,1.10
E,16800,61379,78000,1.00
E,16800,43104,69000,1.15
E,16800,60129,91700,1.19
E,17325,71738,87000,0.98
E,19824,47595,78000,1.16
E,16800,81739,106000,1.08
E,17136,80518,105000,1.08
E,16920,51933,85000,1.23
E,14420,36506,65000,1.28
E,14800,46595,74800,1.22
E,14800,58141,87500,1.20
E,13580,61097,89000,1.19
E,13598,57723,82000,1.15
E,12432,36671,62000,1.26
E,13640,41120,71900,1.31
E,12950,41504,69900,1.28
E,17325,49198,70000,1.05
E,18021,48588,75000,1.13
E,18750,45820,76000,1.18
E,15792,50945,87000,1.30
E,16589,55249,80000,1.11
E,16589,65940,89500,1.08
E,17832,49683,85800,1.27
E,16128,53120,64700,0.93
E,33286,52629,110000,1.28
E,31120,78118,159500,1.46
E,26640,68859,150000,1.57
E,29160,58769,93900,1.07
E,32960,51458,95000,1.13
E,28824,59921,125000,1.41
E,27820,46396,90000,1.21
E,14922,39368,68000,1.25
E,14162,41366,67500,1.22
E,7650,29579,47800,1.28
E,7470,29424,57900,1.57
E,11720,29424,45564,1.11
E,7138,33004,39000,0.97
E,17424,61884,88500,1.12
E,16051,56203,75000,1.04
E,14362,52380,77500,1.16
E,14362,57146,87900,1.23
E,22810,62079,78000,0.92
E,17600,47262,75000,1.16
E,22876,69052,120500,1.31
E,23074,49097,83700,1.16
E,17600,69579,100000,1.15
E,20020,55676,76900,1.02
E,18040,44565,84500,1.35
E,18513,52569,84400,1.19
E,18700,49508,50500,0.74
E,18700,65454,79500,0.94
E,16280,53599,18500,0.26
E,17776,48065,79000,1.20
E,15151,35737,57700,1.13
E,15578,41705,76500,1.34
E,17054,53967,88200,1.24
E,17503,52982,91000,1.29
E,18828,54107,91400,1.25
E,17166,63165,89900,1.12
E,15464,47056,79500,1.27
E,12672,34940,45800,0.96
E,12672,26503,47500,1.21
E,18009,48703,82000,1.23
E,18302,66108,93200,1.10
E,13056,36197,67500,1.37
E,13344,41387,73800,1.35
E,12480,38515,59500,1.17
E,13440,40206,58000,1.08
E,14784,50095,71500,1.10
E,15922,40395,69500,1.23
E,13056,25976,46500,1.19
E,12480,37766,69000,1.37
E,12672,29242,62500,1.49
E,13824,26177,48500,1.21
E,13440,26305,53000,1.33
E,14976,38738,66800,1.24
E,13056,29025,57900,1.38
E,14400,46661,64500,1.06
E,14552,52132,75000,1.12
E,13056,37883,64500,1.27
E,13056,36296,25700,0.52
E,20064,48453,75500,1.10
E,15151,44592,71000,1.19
E,17204,38718,56000,1.00
E,9940,36028,40000,0.87
E,9940,36028,46000,1.00
E,9940,36237,54000,1.17
E,10930,36268,55000,1.17
E,9940,29568,36100,0.91
E,9940,29214,51900,1.33
E,10930,36268,57200,1.21
E,9940,29514,51200,1.30
E,9940,27404,47400,1.27
E,10930,36268,54700,1.16
E,9940,28806,43200,1.11
E,9940,36237,51000,1.10
E,10930,43288,60600,1.12
E,9940,28806,40000,1.03
E,9940,28806,53300,1.38
E,9940,36028,44000,0.96
E,9940,36237,27400,0.59
E,9940,36028,45000,0.98
E,9940,36305,34000,0.74
E,10930,36268,50000,1.06
E,9940,36028,45000,0.98
E,9940,36237,53000,1.15
E,9940,36518,58700,1.26
E,10930,36548,50500,1.06
E,9940,36517,41000,0.88
E,9194,36366,52500,1.15
E,9940,36517,49900,1.07
E,9940,36305,55500,1.20
E,9940,29029,42000,1.08
E,10930,36517,59000,1.24
E,10930,36670,28300,0.59
E,10930,36517,61700,1.30
E,9940,36305,59900,1.30
E,9940,36305,49900,1.08
E,9940,30102,40000,1.00
E,9940,36517,57900,1.25
E,9940,36366,58400,1.26
E,9940,41657,55500,1.08
E,10930,36366,61000,1.29
E,9940,31348,51900,1.26
E,12243,39102,59900,1.17
E,12243,59107,25364,0.36
E,16324,43182,65000,1.09
E,18306,52431,78100,1.10
E,8162,27391,49000,1.38
E,12821,17389,24900,0.82
E,11984,14407,14000,0.53
E,15582,90547,110000,1.04
E,9940,40624,57900,1.15
E,10510,29480,41000,1.03
E,9940,30568,38800,0.96
E,10510,38600,49100,1.00
E,9940,30568,49800,1.23
E,9940,31094,37100,0.90
E,9940,34735,51500,1.15
E,9940,41173,49900,0.98
E,9940,30982,49900,1.22
E,9940,41173,50700,0.99
E,10510,34484,35000,0.78
E,10510,37655,55900,1.16
E,9949,30982,42100,1.03
E,9940,31894,42000,1.00
E,9940,43319,62300,1.17
E,9940,31094,43000,1.05
E,10510,37655,78500,1.63
E,9940,34764,54000,1.21
E,9940,40418,58500,1.16
E,10510,39074,56500,1.14
E,10510,40677,65000,1.27
E,9940,32350,51500,1.22
E,9940,45339,45200,0.82
E,10510,37655,58800,1.22
E,9940,31207,35400,0.86
E,9940,51049,60500,0.99
E,10510,39896,44000,0.87
E,9940,40127,58700,1.17
E,10510,43782,63900,1.18
E,9940,41173,61900,1.21
E,10510,39896,56300,1.12
E,9940,39472,43000,0.87
E,9940,32475,45400,1.07
E,10930,42593,56400,1.05
E,9940,40444,62100,1.23
E,9940,41391,55000,1.07
E,9940,35661,47500,1.04
E,9940,41567,61300,1.19
E,9940,49880,67700,1.13
E,10920,43359,53700,0.99
E,9940,25232,45500,1.29
E,10920,36016,40500,0.86
E,9940,30153,41500,1.04
E,10920,28292,48500,1.24
E,10920,28292,40000,1.02
E,9940,20237,32900,1.09
E,9940,19927,29100,0.97
E,10920,32995,37200,0.85
E,9940,41414,67500,1.31
E,9940,50735,66300,1.09
E,9940,36866,52300,1.12
E,9940,37572,47700,1.00
E,9940,29914,43900,1.10
E,9940,32845,56100,1.31
E,9940,32581,45000,1.06
E,10930,44489,61200,1.10
E,9940,32845,48300,1.13
E,9940,30183,40000,1.00
E,9940,39628,57500,1.16
E,10930,41391,62900,1.20
E,9940,50650,59900,0.99
E,9940,40729,60300,1.19
E,9940,40391,56500,1.12
E,9940,39628,63900,1.29
E,10930,28000,46900,1.20
E,9940,25924,34000,0.95
E,9940,28088,57800,1.52
E,10930,35209,49200,1.07
E,10930,42429,32600,0.61
E,9940,36753,46000,0.99
E,10930,42429,52000,0.97
E,10930,43600,49500,0.91
E,10930,42600,67400,1.26
E,9940,39628,53300,1.08
E,9940,41729,49900,0.97
E,10930,48913,65600,1.10
E,9940,40160,33800,0.67
E,9940,32524,50900,1.20
E,9940,39674,55700,1.12
E,9940,51079,74300,1.22
E,9940,41875,47100,0.91
E,10930,43489,77500,1.42
E,9940,33216,48700,1.13
E,9940,30315,27900,0.69
E,9940,45811,67500,1.21
E,10930,45811,74400,1.31
E,10930,43050,69000,1.28
E,10930,43050,71400,1.32
E,9940,39890,67000,1.34
E,9940,34123,41600,0.94
E,10930,46765,55000,0.95
E,12000,51611,65000,1.02
E,10930,42573,53000,0.99
E,9940,33908,47900,1.09
E,10930,43379,71000,1.31
E,10930,41190,54500,1.05
E,9940,45765,69600,1.25
E,9940,44811,61500,1.12
E,9940,39890,56400,1.13
E,9940,39890,69600,1.40
E,9940,34123,56600,1.28
E,9940,41190,66900,1.31
E,9940,42058,59400,1.14
E,9940,44811,60900,1.11
E,10930,44183,56100,1.02
E,10930,43050,53500,0.99
E,9940,40190,38000,0.76
E,10930,51552,56000,0.90
E,9940,34383,51900,1.17
E,9940,35446,32700,0.72
E,10930,53104,83500,1.30
E,9940,35535,46000,1.01
E,9940,35535,49800,1.10
E,9944,41360,62500,1.22
E,9940,45495,62400,1.13
E,9940,46116,53000,0.95
E,9940,35089,53000,1.18
E,9940,33025,35200,0.82
E,9940,35867,56000,1.22
E,9940,41889,57100,1.10
E,9940,51947,29000,0.47
E,9940,40498,70200,1.39
E,9940,51947,62500,1.01
E,9940,35801,61900,1.35
E,9940,50436,29000,0.48
E,10930,44528,57500,1.04
E,10930,44861,79800,1.43
E,9940,35356,44200,0.98
E,9940,42889,75500,1.43
E,9940,53582,62000,0.98
E,10930,51122,60000,0.97
E,9940,53582,76300,1.20
E,9940,33980,50000,1.14
E,9940,35875,60500,1.32
E,9940,33980,56100,1.28
E,9940,36460,52000,1.12
E,9940,34270,62100,1.40
E,9940,30783,61000,1.50
E,10930,37235,66100,1.37
E,9940,34239,49400,1.12
E,9940,45255,73000,1.32
E,9940,35356,50300,1.11
E,9940,42983,51100,0.97
E,10930,49866,60000,0.99
E,10930,50253,74800,1.22
E,10930,51324,57000,0.92
E,9940,47012,62000,1.09
E,10930,45285,73000,1.30
E,9940,37726,52000,1.09
E,10930,45285,69300,1.23
E,9940,47685,80000,1.39
E,9940,40594,74500,1.47
E,9940,55527,88000,1.34
E,9940,37510,62700,1.32
E,8316,11324,37000,1.88
E,8470,17320,34000,1.32
E,11990,51609,76000,1.19
E,14157,67009,78100,0.96
E,6900,26514,41500,1.24
E,6900,41848,34000,0.70
E,6900,25791,48300,1.48
E,6900,35880,55000,1.29
E,6900,20452,45900,1.68
E,8372,14866,40400,1.74
E,8372,13364,40000,1.84
E,8372,18456,38500,1.44
E,8372,15389,13000,0.55
E,8372,15389,34000,1.43
E,62080,1811,205000,1.25
E,59796,95442,165000,1.06
E,59796,77258,144000,1.05
E,62639,1031,179000,1.09
E,59796,86115,205000,1.40
E,69379,8769,220400,1.24
E,16118,24742,82000,2.01
E,18840,46918,123000,1.87
E,16350,51691,74000,1.09
E,9810,9671,64000,3.29
E,9810,12283,35000,1.58
E,29430,58460,6600,0.08
E,20797,19643,78000,1.93
E,9104,30593,79500,2.00
E,9800,18918,30000,1.04
E,13933,6469,48000,2.35
E,12375,29898,8700,0.21
E,9428,16817,15100,0.58
E,6580,23031,35000,1.18
E,13300,8495,21300,0.98
E,26600,6389,58000,1.76
E,21280,22084,58000,1.34
E,9660,8080,25500,1.44
E,9660,46442,29000,0.52
E,12831,41463,75500,1.39
E,12558,23763,47500,1.31
E,12558,36417,55000,1.12
E,12558,35846,68000,1.40
E,15288,34053,32000,0.65
E,14112,24177,55000,1.44
E,13138,36741,57900,1.16
E,13138,30172,65000,1.50
E,13423,22918,56000,1.54
E,12831,27715,43000,1.06
E,13857,30756,47000,1.05
E,13423,31118,62500,1.40
E,13423,25467,54900,1.41
E,13423,38102,69900,1.36
E,14213,28009,55000,1.30
E,16779,38318,65000,1.18
E,16486,46331,64000,1.02
E,13709,30646,57300,1.29
E,13098,30217,49300,1.14
E,15792,32490,55000,1.14
E,12436,23151,47000,1.32
E,12831,32894,54900,1.20
E,16204,36361,61000,1.16
E,15397,55101,80000,1.13
E,13226,33680,65500,1.40
E,12693,37455,53000,1.06
E,13818,38691,68500,1.30
E,16128,45664,63000,1.02
E,14918,36895,12750,0.25
E,15278,41452,59000,1.04
E,15278,34663,57200,1.15
E,14463,41896,6000,0.11
E,14463,27745,34300,0.81
E,14666,32170,60000,1.28
E,15792,40832,59500,1.05
E,18081,28948,52500,1.12
E,13818,43454,64000,1.12
E,17174,38370,45900,0.83
E,13423,24527,48000,1.26
E,14213,35453,58000,1.17
E,14511,41819,78500,1.39
E,14511,40618,71100,1.29
E,15365,42302,76900,1.33
E,17926,41742,75000,1.26
E,14511,31959,74000,1.59
E,16432,36400,69500,1.32
E,18295,41386,75000,1.26
E,19074,51334,84500,1.20
E,16500,33071,70300,1.42
E,16606,32464,65500,1.33
E,16830,43940,20300,0.33
E,18139,39248,71700,1.25
E,18304,59669,100000,1.28
E,17107,49357,81500,1.23
E,16553,52962,74200,1.07
E,15840,43913,70000,1.17
E,17992,55397,77900,1.06
E,18355,51520,83800,1.20
E,18355,48742,78000,1.16
E,17499,51795,78000,1.13
E,10185,30841,57500,1.40
E,13844,36478,67600,1.34
E,11592,42514,74500,1.38
E,11592,56524,78000,1.15
E,10963,27262,50000,1.31
E,9167,30353,39000,0.99
E,9167,27400,47100,1.29
E,8730,36786,60000,1.32
E,10476,46556,60000,1.05
E,9458,38093,40000,0.84
E,11349,50803,60000,0.97
E,9731,23928,25000,0.74
E,10800,23970,44900,1.29
E,8460,21596,41900,1.39
E,8584,22557,50000,1.61
E,8280,28662,31000,0.84
E,14214,22254,53000,1.45
E,10575,27799,46400,1.21
E,8280,20590,47000,1.63
E,8528,29569,25500,0.67
E,8418,22673,33100,1.06
E,8280,24101,49500,1.53
E,8556,27256,39682,1.11
E,10796,20564,51300,1.64
E,11316,27249,53000,1.37
E,10980,32091,30000,0.70
E,9982,26381,49300,1.36
E,9982,29486,45000,1.14
E,9982,35977,52000,1.13
E,10695,31767,59900,1.41
E,10695,43299,53000,0.98
E,10695,57658,74200,1.09
E,9982,29726,58000,1.46
E,10410,36894,60000,1.27
E,12834,44631,72000,1.25
E,9982,45480,68000,1.23
E,9982,29726,49000,1.23
E,10695,46658,53600,0.93
E,10742,34580,57000,1.26
E,9982,38305,59900,1.24
E,23599,16441,54000,1.35
E,7458,8381,12800,0.81
E,8701,10312,20000,1.05
E,7211,33217,37000,0.92
E,14592,41232,41500,0.74
E,17152,49916,47500,0.71
E,16779,45717,72500,1.16
E,14805,29629,63000,1.42
E,15889,46209,46500,0.75
E,14683,36869,65000,1.26
E,16859,32615,56000,1.13
E,16432,35694,55000,1.06
E,14810,37439,64900,1.24
E,15585,64559,85000,1.06
E,14362,35442,75800,1.52
E,15418,35442,57600,1.13
E,14300,57025,87000,1.22
E,13500,43675,72000,1.26
E,14157,44794,68000,1.15
E,14157,35135,65000,1.32
E,13658,46640,60000,1.00
E,13658,44818,76500,1.31
E,14573,44256,73000,1.24
E,14573,40522,66000,1.20
E,14573,42759,75000,1.31
E,14157,52034,84000,1.27
E,14573,47970,76900,1.23
E,14362,42090,74000,1.31
E,11662,29487,55000,1.34
E,11850,23500,43000,1.22
E,12768,31496,46000,1.04
E,11674,23966,45000,1.26
E,14820,32138,70000,1.49
E,12768,48330,68000,1.11
F,15593,14551,30200,1.00
F,15593,19011,43000,1.24
F,15840,15658,54000,1.71
F,16583,15657,57000,1.77
F,15593,16532,50000,1.56
F,15593,12453,24900,0.89
F,15593,13309,35500,1.23
F,15593,15818,33000,1.05
F,15593,17459,49300,1.49
F,15593,13320,42900,1.48
F,15593,11180,49900,1.86
F,15840,18955,46900,1.35
F,16830,15981,44500,1.36
F,15593,16203,41000,1.29
F,18563,24364,63700,1.48
F,15840,15773,49000,1.55
F,18563,19477,62000,1.63
F,16932,25113,65000,1.55
F,16932,16936,39000,1.15
F,16544,13993,35900,1.18
F,20831,20225,62000,1.51
F,16110,26309,65000,1.53
F,19905,27900,67000,1.40
F,17061,26120,65000,1.51
F,18609,21234,59000,1.48
F,21175,26351,69000,1.45
F,16665,16442,49000,1.48
F,17776,15931,34900,1.04
F,20098,23579,65700,1.50
F,14950,31120,72000,1.56
F,11500,27505,57500,1.47
F,17250,25886,53000,1.23
F,19013,29770,64500,1.32
F,16422,25815,39900,0.94
F,24150,36131,73000,1.21
F,15939,26449,50000,1.18
F,15939,24145,47000,1.17
F,15939,26112,49000,1.17
F,15939,20335,40000,1.10
F,12075,22209,50000,1.46
F,14438,30267,73700,1.65
F,10971,31049,58000,1.38
F,10971,22069,44900,1.36
F,11702,21617,51100,1.53
F,12408,31630,58000,1.32
F,13200,27093,46900,1.16
F,10824,36413,12000,0.25
F,12144,33749,73500,1.60
F,12672,23872,49900,1.37
F,13464,23092,55000,1.50
F,17063,30163,38300,0.81
F,14326,30035,51000,1.15
F,17250,30324,55900,1.18
F,17250,42943,64500,1.07
F,17250,27011,54500,1.23
F,15520,25342,52100,1.28
F,12144,17205,32000,1.09
F,12549,19938,48000,1.48
F,13156,23735,58000,1.57
F,12549,25855,52500,1.37
F,14625,25835,42900,1.06
F,17480,25958,49800,1.15
F,14168,20650,53500,1.54
F,14168,18639,57000,1.74
F,11440,19055,43500,1.43
F,11440,20688,19000,0.59
F,11330,19805,55000,1.77
F,15180,51322,71900,1.08
F,25520,37811,59900,0.95
F,11440,21871,57000,1.71
F,14300,34466,60000,1.23
F,22880,48847,72000,1.00
F,17335,42061,65000,1.09
F,11440,27335,35500,0.92
F,11440,28535,60000,1.50
F,17160,14687,40900,1.28
F,11440,19478,31000,1.00
F,11440,13980,33000,1.30
F,11440,16194,39900,1.44
F,22880,17256,20500,0.51
F,11440,36806,63100,1.31
F,13613,29045,51700,1.21
F,13750,12276,35000,1.34
F,14080,13240,37000,1.35
F,14080,12794,46000,1.71
F,13750,13096,38500,1.43
F,13613,13766,25200,0.92
F,13776,14989,41800,1.45
F,13640,14799,52000,1.83
F,12954,22435,35000,0.99
F,12144,22550,46000,1.33
F,13728,9014,29200,1.28
F,15182,8892,44000,1.83
F,14956,13587,42000,1.47
F,13608,16564,80000,2.65
F,17940,24013,55500,1.32
F,17940,23632,61500,1.48
F,17940,26291,51900,1.17
F,17940,22556,59100,1.46
F,17940,21523,45000,1.14
F,17940,21263,52400,1.34
F,14352,19514,45000,1.33
F,16744,24479,52500,1.27
F,17618,47041,75700,1.17
F,11154,24369,56000,1.58
F,16931,37717,66900,1.22
F,17389,37766,68900,1.25
F,16931,27483,15000,0.34
F,17389,36218,67500,1.26
F,15182,19564,35000,1.01
F,14300,40347,65500,1.20
F,10600,16941,40000,1.45
F,10000,19082,34000,1.17
F,10000,23701,41800,1.24
F,10000,28239,60000,1.57
F,10000,30637,34000,0.84
F,15300,39825,83000,1.51
F,30800,57355,84000,0.95
F,24640,22658,50000,1.06
F,28560,29398,75000,1.29
F,31080,17201,42000,0.87
F,31080,14856,60000,1.31
F,32000,37982,72000,1.03
F,25410,45747,73000,1.03
F,25410,25332,56500,1.11
F,22869,20105,45000,1.05
F,14100,15153,34400,1.18
F,12220,33347,70000,1.54
F,12220,34051,62000,1.34
F,13248,31546,11200,0.25
F,11960,29326,68000,1.65
F,11960,24881,54900,1.49
F,11224,58418,75000,1.08
F,15115,21905,56900,1.54
F,15115,25186,52400,1.30
F,15115,26709,38400,0.92
F,15115,17353,42000,1.29
F,12144,14158,34000,1.29
F,12144,25385,59900,1.60
F,11550,33352,54900,1.22
F,17609,17224,59500,1.71
F,11440,38356,56000,1.12
F,11220,23556,46000,1.32
F,11440,22949,45000,1.31
F,11840,19551,82500,2.63
F,23100,22043,57000,1.26
F,11330,26887,47900,1.25
F,11440,15632,37500,1.39
F,11440,40288,67700,1.31
F,20240,15226,36000,1.02
F,10120,15611,39500,1.54
F,10120,17824,46500,1.66
F,10857,35369,49000,1.06
F,20220,6962,60000,2.21
F,29680,37724,65000,0.96
F,13913,20170,21500,0.63
F,12190,38482,64500,1.27
F,12853,40651,59900,1.12
F,12875,17407,31500,1.04
F,10300,26784,38500,1.04
F,13890,17289,24000,0.77
F,14076,26260,48000,1.19
F,14214,24370,44500,1.15
F,14030,12390,14600,0.55
F,14403,14151,35000,1.23
F,13800,27364,62000,1.51
F,13800,21880,56000,1.57
F,12696,25467,53000,1.39
F,13248,13220,40000,1.51
F,13869,16276,42900,1.42
F,12696,14234,45000,1.67
F,12696,13000,36500,1.42
F,13542,12898,35500,1.34
F,16261,56817,81700,1.12
F,15180,29822,63500,1.41
F,15180,20164,44000,1.24
F,19107,26369,57000,1.25
F,15180,25408,45500,1.12
F,21202,32822,64000,1.18
F,14168,28169,47500,1.12
F,15180,29690,51000,1.14
F,17595,27186,59900,1.34
F,14956,46788,76500,1.24
F,27695,50718,79300,1.01
F,13464,34639,54000,1.12
F,13283,37170,65000,1.29
F,17332,23553,41500,1.02
F,19228,16999,27000,0.75
F,17325,13395,17800,0.58
F,11220,33741,58000,1.29
F,24255,14345,25000,0.65
F,10120,39591,67800,1.36
F,11550,10188,41000,1.89
F,31987,8455,253500,6.27
F,11220,15852,7000,0.26
F,11220,16219,21000,0.77
F,55930,18485,57000,0.77
F,53950,25233,112500,1.42
F,68250,16664,165000,1.94
F,10710,36041,62900,1.35
F,14445,14775,39000,1.33
F,25009,30151,57000,1.03
F,14170,32136,52000,1.12
F,11880,17408,42700,1.46
F,12197,15572,39500,1.42
F,12197,17051,41000,1.40
F,13860,21597,44000,1.24
F,12810,29415,63900,1.51
F,12994,22479,46500,1.31
F,15750,24114,34900,0.88
F,11256,28946,49500,1.23
F,11424,25473,48700,1.32
F,12696,23851,47200,1.29
F,12075,29703,39500,0.95
F,11049,23744,44000,1.26
F,11424,23674,31000,0.88
F,14476,33533,50000,1.04
F,11515,34241,52000,1.14
F,13294,14838,24810,0.88
F,16504,20162,53000,1.45
F,13820,25132,59900,1.54
F,11900,24900,60000,1.63
F,10928,25159,42000,1.16
F,14553,14477,44000,1.52
F,14553,15871,41000,1.35
F,14553,20236,52000,1.49
F,14553,23196,55000,1.46
F,14553,23413,38100,1.00
F,14553,19060,49000,1.46
F,9200,38863,56300,1.17
F,10700,15073,34500,1.34
F,10700,35935,57000,1.22
F,9275,17548,31700,1.18
F,8838,40748,58800,1.19
F,8750,41709,51400,1.02
F,17675,34268,56910,1.10
F,17500,11127,44600,1.56
F,9100,25110,47000,1.37
F,9100,41147,68000,1.35
F,9182,30154,47700,1.21
F,8663,30873,52200,1.32
F,11484,39383,6000,0.12
F,10780,16137,41900,1.56
F,9336,41290,74500,1.47
F,9336,40471,71400,1.43
F,9336,36152,58800,1.29
F,9336,39824,71900,1.46
F,9336,40924,70300,1.40
F,9336,40471,70100,1.41
F,9336,40924,66600,1.33
F,9336,40924,66900,1.33
F,13410,10849,17000,0.70
F,12852,12823,39000,1.52
F,13944,11589,40000,1.57
F,12731,15308,45000,1.60
F,12222,17748,23300,0.78
F,8488,43391,71500,1.38
F,13514,15169,32600,1.14
F,12994,24013,52700,1.42
F,10395,43290,70500,1.31
F,10395,27290,50000,1.33
F,12338,14784,36900,1.36
F,9870,38218,57500,1.20
F,9529,6916,28000,1.70
F,11261,17514,38500,1.34
F,9529,39546,65700,1.34
F,9625,34235,50000,1.14
F,9336,39759,68500,1.40
F,13340,25923,62000,1.58
F,16042,32811,62500,1.28
F,10014,39048,61500,1.25
F,13340,14848,31900,1.13
F,18480,24331,40000,0.93
F,10568,16889,28325,1.03
F,6475,40964,66500,1.40
F,9737,34753,45500,1.02
F,8836,32819,50000,1.20
F,9009,36008,99302,2.21
F,9009,33306,53600,1.27
F,9009,24824,51300,1.52
F,12780,21193,45000,1.32
F,12600,22860,32000,0.90
F,11647,24250,49200,1.37
F,11844,31625,55200,1.27
F,13226,20440,48500,1.44
F,13818,21995,32000,0.89
F,13818,20281,32000,0.94
F,13028,21221,44000,1.28
F,13028,22547,49800,1.40
F,12831,20111,35000,1.06
F,13725,27174,64900,1.59
F,16678,25666,50500,1.19
F,17002,42722,65000,1.09
F,9870,15702,38000,1.49
F,39480,13027,50000,0.95
F,9475,20084,39000,1.32
F,14112,39286,64900,1.22
F,12731,25210,57800,1.52
F,12338,26450,57000,1.47
F,18260,27547,62000,1.35
F,12041,22986,48400,1.38
F,10395,33676,65500,1.49
F,9529,22755,11900,0.37
F,10000,15814,33700,1.31
F,24718,16687,49000,1.18
F,10000,40381,58700,1.17
F,10000,35241,48800,1.08
F,10000,32001,59900,1.43
F,10000,15805,34000,1.32
F,10000,29441,49900,1.27
F,11880,20259,42100,1.31
F,14283,15977,58000,1.92
F,15318,21900,58000,1.56
F,15732,33064,74000,1.52
F,14697,20014,19000,0.55
F,14697,34145,65900,1.35
F,11966,34928,18500,0.39
F,10488,31203,50000,1.20
F,16500,33177,12500,0.25
F,11187,26161,44500,1.19
F,11362,26521,43500,1.15
F,12184,24143,50000,1.38
F,14566,29044,19000,0.44
F,12640,30428,56500,1.31
F,12672,27292,54900,1.37
F,12222,29047,56000,1.36
F,12222,36867,6000,0.12
F,22385,56096,79900,1.02
F,12696,31860,53900,1.21
F,12696,30839,61000,1.40
F,9660,29667,46000,1.17
F,9660,29998,53900,1.36
F,9660,29668,46300,1.18
F,14490,14954,49500,1.68
F,9660,33311,51000,1.19
F,9660,30330,31500,0.79
F,14490,27429,44900,1.07
F,15180,27965,56500,1.31
F,12650,22834,55500,1.56
F,12650,10293,41000,1.79
F,12650,11279,40000,1.67
F,10350,25096,55000,1.55
F,14490,23429,30000,0.79
F,9660,28890,50000,1.30
F,9660,30538,45000,1.12
F,13200,18801,54500,1.70
F,15400,16962,58000,1.79
F,20700,12317,28500,0.86
F,23000,38606,85000,1.38
F,10580,10251,50900,2.44
F,16100,22307,45000,1.17
F,18400,36256,23100,0.42
F,12600,45692,61500,1.06
F,16800,13291,42300,1.41
F,9660,12142,35300,1.62
F,9660,21489,44000,1.41
F,8280,41421,67000,1.35
F,8280,20288,35500,1.24
F,5520,41057,62500,1.34
F,5520,24962,48500,1.59
F,5520,25705,67000,2.15
F,9600,37037,73500,1.58
F,6000,32603,44300,1.15
F,5520,21164,42700,1.60
F,5520,31145,42500,1.16
F,5520,5000,21000,2.00
F,5520,19123,44900,1.82
F,5520,36195,55600,1.33
F,5520,12322,10000,0.56
F,5520,17389,46800,2.04
F,5520,8799,6900,0.48
F,9600,22171,48500,1.53
G,6670,8920,29900,1.92
G,6670,7997,23300,1.59
G,6670,12672,13000,0.67
G,6670,9879,17800,1.08
G,6670,36186,42500,0.99
G,7468,19198,68700,2.58
G,6670,25282,49600,1.55
G,6670,14605,28000,1.32
G,13340,11711,25000,1.00
G,6670,18140,36900,1.49
G,6525,13862,44300,2.17
G,13340,15247,20000,0.70
G,6525,10554,14500,0.85
G,6525,9501,29500,1.84
G,6525,7640,14000,0.99
G,6786,38392,48000,1.06
G,6670,11685,12000,0.65
G,6670,19731,42000,1.59
G,7178,9468,27000,1.62
G,6670,11210,23400,1.31
G,6670,16118,40200,1.76
G,4314,6288,8000,0.75
G,6786,15047,10000,0.46
G,6670,9513,19000,1.17
G,6670,11959,27000,1.45
G,6670,8751,21000,1.36
G,7468,10371,16500,0.92
G,6525,15179,26000,1.20
G,13340,14139,39900,1.45
G,6670,16601,54000,2.32
G,10556,24242,40909,1.18
G,8934,17130,35000,1.34
G,9504,18804,49000,1.73
G,10692,21700,51500,1.59
G,9720,21877,51900,1.64
G,9720,33396,55000,1.28
G,9504,21469,36300,1.17
G,9504,24897,43500,1.26
G,26624,48364,90000,1.20
G,10080,39115,40000,0.81
G,9360,27101,50000,1.37
G,9360,19239,41000,1.43
G,8363,17708,29500,1.13
G,13459,37393,52500,1.03
G,17298,26162,50000,1.15
G,17945,31952,61500,1.23
G,7518,14369,22000,1.01
G,10928,25835,34600,0.94
G,9920,41092,59400,1.16
G,7750,23378,35600,1.14
G,8119,8873,27000,1.59
G,11860,19223,40000,1.29
G,15982,20688,53500,1.46
G,7518,30122,46500,1.24
G,7518,35966,48000,1.10
G,8089,15358,35000,1.49
G,6345,10995,23000,1.33
G,15525,11084,40000,1.50
G,6028,16691,39000,1.72
G,6345,10085,40000,2.43
G,6345,20275,32500,1.22
G,6345,11049,14000,0.80
G,6345,6727,15000,1.15
G,6345,11270,26000,1.48
G,6345,9354,28000,1.78
G,4600,14439,28000,1.47
G,6210,6444,9900,0.78
G,9453,21544,38400,1.24
G,8538,16663,40000,1.59
G,6670,11334,10500,0.58
G,6670,15017,15300,0.71
G,11310,21360,30000,0.92
G,7487,16744,30500,1.26
G,6894,12781,14955,0.76
G,17215,26752,13000,0.30
G,6815,10785,37100,2.11
G,11722,35821,31300,0.66
G,6815,14679,10000,0.47
G,14570,20698,46500,1.32
G,6075,13066,37400,1.95
G,8662,10987,22000,1.12
G,6210,18231,10000,0.41
G,6210,24736,38300,1.24
G,6210,9706,5500,0.35
G,6210,9438,15000,0.96
G,6804,21587,15000,0.53
G,10125,10841,25400,1.21
G,6210,10516,31700,1.90
G,6210,23822,41900,1.40
G,9794,23600,51000,1.53
G,8239,23791,42000,1.31
G,6790,9790,42000,2.53
G,17000,27062,42900,0.97
G,9400,54096,74900,1.18
G,12739,56809,79900,1.15
G,8908,25328,35500,1.04
G,8908,19644,51300,1.80
G,7762,22808,43500,1.42
G,8940,26033,55000,1.57
G,8940,20115,42000,1.45
G,8940,29099,20000,0.53
G,8554,30110,37400,0.97
G,7140,7729,17500,1.18
G,15375,21353,42400,1.15
G,9870,28014,33000,0.87
G,15914,20812,45000,1.23
G,7741,8790,8000,0.48
G,9734,15815,28000,1.10
G,6909,28411,50000,1.42
G,17766,22553,61400,1.52
G,6580,13590,28000,1.39
G,6580,34980,53600,1.29
G,19404,14430,39500,1.17
G,3405,8080,7000,0.61
G,7725,14329,23000,1.04
G,11588,19327,45500,1.47
G,7725,11545,20000,1.04
G,7725,21897,30200,1.02
G,15450,8082,18500,0.79
G,13332,23415,46500,1.27
G,7696,9625,42000,2.42
G,7650,11855,36200,1.86
G,9489,10984,24400,1.19
G,8537,17871,48000,1.82
G,6909,35236,53500,1.27
G,9363,26052,59900,1.69
G,7210,9131,29900,1.83
G,7857,18068,44000,1.70
G,14420,30179,42000,0.94
G,5940,46618,76700,1.46
G,7416,23336,31700,1.03
G,8448,34922,33900,0.78
G,9016,25055,41000,1.20
G,10304,27591,14800,0.39
G,16274,35732,54000,1.04
G,51192,37486,129900,1.46
G,16128,30824,55500,1.18
G,14803,32475,59000,1.25
G,9660,22804,32200,0.99
G,9660,25765,44700,1.26
G,14314,32091,66500,1.43
G,10618,31683,66900,1.58
G,9167,30304,32000,0.81
G,7857,12429,17000,0.84
G,11034,12835,29000,1.21
G,8131,3416,16000,1.39
G,12240,37641,50000,1.00
G,6548,42853,29500,0.60
G,6953,8293,5500,0.36
G,7509,34721,39900,0.94
G,6953,8057,6200,0.41
G,7223,12915,33000,1.64
G,11000,8455,10000,0.51
G,7441,19270,19000,0.71
G,7344,24668,54000,1.69
G,6625,32325,41700,1.07
G,6912,24437,45000,1.44
G,10374,17958,48900,1.73
G,10374,19268,42900,1.45
G,9450,31960,20000,0.48
G,14911,18388,25000,0.75
G,7397,26690,36500,1.07
G,6120,9747,9000,0.57
G,6120,38921,53900,1.20
G,15120,23825,35000,0.90
G,6180,18822,35200,1.41
G,6952,13948,14000,0.67
G,6120,36769,30200,0.70
G,7551,33906,38100,0.92
G,5034,21342,20500,0.78
G,5034,5733,11000,1.02
G,5034,42888,32100,0.67
G,5132,6854,19600,1.64
G,5034,34088,21000,0.54
G,5132,7140,11200,0.91
G,5034,19064,11400,0.47
G,5034,23817,22000,0.76
G,5273,41272,37700,0.81
G,5273,37168,26500,0.62
G,5377,17999,13664,0.58
G,5753,11501,6600,0.38
G,5753,25146,19500,0.63
G,5753,12465,19000,1.04
G,5906,24954,45000,1.46
G,5753,9887,18400,1.18
G,6440,7602,12500,0.89
G,6440,17162,25000,1.06
G,9766,36767,54000,1.16
G,7392,57365,57000,0.88
G,8736,16045,40000,1.61
G,7934,18218,21500,0.82
G,2632,9511,40000,3.29
G,7248,18610,46500,1.80
G,9168,30574,9400,0.24
G,7541,28332,33200,0.93
G,4050,6618,17300,1.62
G,8796,21929,34000,1.11
G,6930,24298,30000,0.96
G,9000,14672,27900,1.18
G,4311,12600,21000,1.24
G,6348,16444,34000,1.49
G,4600,6674,8500,0.75
G,5520,8931,11900,0.82
G,7210,19012,23500,0.90
G,4140,29898,27300,0.80
G,4140,7926,15000,1.24
G,4140,9106,12000,0.91
G,4500,18296,34200,1.50
G,4140,2500,5600,0.84
G,7865,32799,42363,1.04
G,6426,15291,28500,1.31
G,5808,67418,24000,0.33
G,6930,19095,17000,0.65
G,6542,7407,12000,0.86
G,10067,21245,12000,0.38
G,9853,25396,12000,0.34
G,5216,2500,5800,0.75
G,4830,12677,28000,1.60
G,4927,9585,18000,1.24
G,5303,28604,36700,1.08
G,3948,27995,12500,0.39
G,5303,7991,40000,3.01
G,10605,12314,40000,1.75
G,2800,6406,15000,1.63
G,3910,39831,36000,0.82
G,3910,24987,29300,1.01
G,3910,28378,39500,1.22
G,4365,31800,15000,0.41
G,11016,22570,25800,0.77
G,3128,8643,5700,0.48
G,2464,9949,9200,0.74
G,1800,5387,23000,3.20
G,3600,5873,6000,0.63
G,17280,24342,10000,0.24
G,11475,7958,10000,0.51
G,4104,18987,31500,1.36
G,2907,5062,6500,0.82
G,2907,11381,19900,1.39
G,8736,18202,31000,1.15
G,5478,17301,40000,1.76
G,5870,29408,48000,1.36
G,12416,76349,62000,0.70
G,7553,18733,36000,1.37
G,18472,16014,22000,0.64
G,5757,11625,45000,2.59
G,8958,17656,21000,0.79
G,9378,19195,16000,0.56
G,9770,16001,34900,1.35
G,9477,29504,58500,1.50
G,9163,13957,31000,1.34
G,8499,12274,17000,0.82
G,6021,25493,38000,1.21
G,7168,16176,25000,1.07
G,7262,23622,37400,1.21
G,6345,13851,33700,1.67
G,6480,6339,25000,1.95
G,6480,11241,13000,0.73
G,6480,16483,35000,1.52
G,4560,21454,32000,1.23
G,5040,12806,15000,0.84
G,5040,16450,19900,0.93
G,7403,9221,20000,1.20
G,4935,11161,45000,2.80
G,4935,14801,25000,1.27
G,14891,6926,26400,1.21
G,9500,19816,27500,0.94
G,9500,16293,31000,1.20
G,4370,26323,23500,0.77
G,4750,10312,12000,0.80
G,4750,39554,45000,1.02
G,8778,10381,7500,0.39
G,6454,2500,6000,0.67
G,5925,20586,45200,1.70
G,9734,26085,38600,1.08
G,12908,9003,15100,0.69
G,6454,6717,39900,3.03
G,6702,12743,43600,2.24
G,6594,23235,40000,1.34
G,5000,10158,8000,0.53
G,5000,46465,39000,0.76
G,5000,16262,16700,0.79
G,5050,13324,23700,1.29
G,10350,15930,39000,1.48
G,7088,17517,40000,1.63
G,9108,15512,46800,1.90
G,9999,16326,15900,0.60
G,9137,9006,152000,8.38
G,9818,34409,65000,1.47
G,8498,10023,16000,0.86
G,20255,27763,50000,1.04
G,17845,21705,67000,1.69
G,10124,23377,58000,1.73
G,9999,15540,26000,1.02
G,8712,14455,48000,2.07
G,9900,6840,7000,0.42
G,8498,11634,44000,2.19
G,8663,27857,18000,0.49
G,15450,40420,83300,1.49
G,10506,17073,45500,1.65
G,10435,13701,36800,1.52
G,10435,16321,49300,1.84
G,15071,19438,27300,0.79
G,10300,22910,52900,1.59
G,8943,16332,46500,1.84
G,13464,37318,41800,0.82
G,10387,25717,55000,1.52
G,11049,16914,45000,1.61
G,9894,31052,59000,1.44
G,12671,15146,42500,1.53
G,12838,17711,33000,1.08
G,13536,13634,46500,1.71
G,7755,12329,39200,1.95
G,8225,30050,46500,1.21
G,8225,14794,43000,1.87
G,8225,20192,8000,0.28
G,8225,19307,42000,1.53
G,8225,17254,42200,1.66
G,16450,27366,40900,0.93
G,12338,14079,49000,1.85
G,11515,24181,55000,1.54
G,8225,19703,38000,1.36
G,12338,15130,57400,2.09
G,13160,22246,50700,1.43
G,16450,37739,56000,1.03
G,7700,13852,22500,1.04
G,8225,17205,52300,2.06
G,8225,25861,42000,1.23
G,6536,65507,86000,1.19
G,7875,35020,33900,0.79
G,7260,36567,58900,1.34
G,7260,15476,36500,1.61
G,8874,24138,41900,1.27
G,8667,16154,28000,1.13
G,17335,11662,45000,1.55
G,8663,22310,56000,1.81
G,7986,15122,30000,1.30
G,15660,13038,45000,1.57
G,6953,13638,36000,1.75
G,29754,12950,115000,2.69
G,14580,12416,30500,1.13
G,8687,24436,54100,1.63
G,12346,21352,47500,1.41
G,7735,16480,20000,0.83
G,7735,18468,37200,1.42
G,8011,16767,40500,1.63
G,8343,12061,32000,1.57
G,8302,11494,13000,0.66
G,7967,20213,38900,1.38
G,8348,20672,40900,1.41
G,7392,13798,20000,0.94
G,5280,13264,21000,1.13
G,8755,23048,47900,1.51
G,13133,27502,42000,1.03
G,11206,37164,64000,1.32
G,10200,18654,61500,2.13
G,20400,27509,73900,1.54
G,13240,20480,27500,0.82
G,11005,31547,60000,1.41
G,7828,14580,50000,2.23
G,7828,14877,46500,2.05
G,7750,13257,39000,1.86
G,7115,20129,54300,1.99
G,10506,20416,45000,1.46
G,12257,17395,40000,1.35
G,10506,14947,30000,1.18
G,17510,18198,47600,1.33
G,9739,41894,65000,1.26
G,19477,27192,60000,1.29
G,9739,21857,50000,1.58
G,9739,28849,78000,2.02
G,8585,19931,33000,1.16
G,8585,20651,34400,1.18
G,16312,28450,62000,1.39
G,8585,14132,10000,0.44
G,8585,14789,50500,2.16
G,17170,16808,46000,1.35
G,15024,19889,49900,1.43
G,8585,22215,48000,1.56
G,8500,19479,32600,1.17
G,8585,20874,29500,1.00
G,6895,16720,44900,1.90
G,10605,17282,33300,1.19
G,10128,19672,34700,1.16
G,11168,19141,27500,0.91
G,7728,14622,34000,1.52
G,8372,21345,45000,1.51
G,7728,13958,48100,2.22
G,9898,32492,69900,1.65
G,10094,25993,58300,1.62
G,10094,27462,57000,1.52
G,16099,44317,76500,1.27
G,13728,18663,40000,1.23
G,27752,29102,27000,0.47
G,15224,28417,22400,0.51
G,9240,19236,35500,1.25
G,7931,22330,31000,1.02
G,7478,27939,45900,1.30
G,9800,13645,30482,1.30
G,7650,17713,55000,2.17
G,7650,24929,38000,1.17
G,7650,13407,26000,1.23
G,7725,10585,28000,1.53
G,13141,23382,38000,1.04
G,18364,32420,43000,0.85
G,7146,16187,22400,0.96
G,7020,17268,35000,1.44
G,5897,12696,13500,0.73
G,7795,29946,21500,0.57
G,7210,27661,55900,1.60
G,7210,28115,38000,1.08
G,7210,28812,21600,0.60
G,7643,12587,32000,1.58
G,7643,32334,36700,0.92
G,8484,15517,37500,1.56
G,8484,20916,44600,1.52
G,8484,25653,59900,1.75
G,14000,15406,33000,1.12
G,7854,22082,46700,1.56
G,11924,23713,50000,1.40
G,8484,16856,41200,1.63
G,8316,8073,15000,0.92
G,8484,13970,20000,0.89
G,8316,9997,22600,1.23
G,8484,15002,50000,2.13
G,8316,13967,35000,1.57
G,8148,9384,49000,2.79
G,8148,11959,15000,0.75
G,9506,24079,52000,1.55
G,8148,17711,32500,1.26
G,8736,16551,35000,1.38
G,8165,15022,39800,1.72
G,5865,13678,35550,1.82
G,5865,17210,44000,1.91
G,7337,27612,42000,1.20
G,6937,9555,11000,0.67
G,5452,9705,32000,2.11
G,5452,7268,28000,2.20
G,6232,11757,44000,2.45
G,12953,21880,54500,1.56
G,6232,12780,20000,1.05
G,11242,25812,47000,1.27
G,6232,11575,20000,1.12
G,6232,5591,21000,1.78
G,13229,22388,32300,0.91
G,6365,16545,20000,0.87
G,6232,11100,23200,1.34
G,6232,9479,32500,2.07
G,6232,9255,30000,1.94
G,14729,16164,50100,1.62
G,7030,12669,17000,0.86
G,5665,14993,29500,1.43
G,5491,21734,21000,0.77
G,26016,18345,8000,0.18
G,5606,11213,50000,2.97
G,7238,15618,44000,1.93
G,7468,20013,27000,0.98
G,13905,23511,16600,0.44
G,9594,26792,51000,1.40
G,7231,21612,42500,1.47
G,9828,28308,48900,1.28
G,9828,36747,37000,0.79
G,9828,26010,49900,1.39
G,6818,16425,38500,1.66
G,6426,13510,10600,0.53
G,7070,19433,22100,0.83
G,7070,7937,45000,3.00
G,7070,15590,44500,1.96
G,10605,13663,48000,1.98
G,5993,11388,24500,1.41
G,5993,10097,13300,0.83
G,5993,7720,17000,1.24
G,12455,13431,11000,0.42
G,5993,12527,36000,1.94
G,7344,16500,39200,1.64
G,8085,29861,23500,0.62
G,6732,19979,8000,0.30
G,11220,28136,45000,1.14
G,5610,13916,30000,1.54
G,7468,11825,20000,1.04
G,10986,3000,14400,1.03
G,7088,26911,23000,0.68
G,5589,12173,10000,0.56
